acc_x_mean,acc_x_std,acc_x_max,acc_x_min,acc_x_rms,acc_x_median,acc_y_mean,acc_y_std,acc_y_max,acc_y_min,acc_y_rms,acc_y_median,acc_z_mean,acc_z_std,acc_z_max,acc_z_min,acc_z_rms,acc_z_median,gyro_x_mean,gyro_x_std,gyro_x_max,gyro_x_min,gyro_x_rms,gyro_x_median,gyro_y_mean,gyro_y_std,gyro_y_max,gyro_y_min,gyro_y_rms,gyro_y_median,gyro_z_mean,gyro_z_std,gyro_z_max,gyro_z_min,gyro_z_rms,gyro_z_median,label
5.804301393129999,1.9364439492931158,9.756112061,2.131417694,6.115736397144439,5.757626953000001,-8.44724436503,1.1281866475855868,-6.516848145,-11.6984729,8.521503061268216,-8.34155365,-0.7702951629820299,0.6942529385707075,0.5378315735,-3.165766754,1.0346602869543384,-0.5917943573,0.04366797598013,0.41916349920790574,1.036340714,-0.7644261718,0.4193422835867318,0.075056880715,-0.09525167559246002,0.55129342062987,0.9114990234,-1.506174088,0.5567387834313827,-0.008575538870499999,-0.10286592494580002,1.2202260851342481,1.975419164,-2.420654535,1.2184595111732632,0.33808429539999996,walking
5.785546893300001,2.1403742386453057,9.929152222,1.721270599,6.165058208745087,5.757626953000001,-8.40823249059,0.9829205382292746,-6.549480286,-11.37020554,8.464918491777787,-8.453745346,-0.91359965973363,0.8581980287940618,0.8116122437,-2.902913361,1.2505211538895127,-0.89745872495,-0.014583380346889996,0.5787965855903185,1.139268517,-1.390128732,0.5760799489640678,0.005710278870499999,-0.06204172976849999,0.5985984692136502,0.9114990234,-1.506174088,0.5988205927522398,0.035107120875,-0.20370656214379998,1.307725308518769,1.849258304,-2.587090254,1.31701951055235,0.09350867941,walking
6.144760903919999,2.1804113296482335,10.94718521,1.721270599,6.516497387181056,6.0677819825,-8.82807642064,1.2112945952110985,-6.549480286,-11.81508041,8.90996607956976,-8.776923294,-0.8547016387824001,1.026389896516992,1.207239532,-2.902913361,1.3317118114715212,-0.9805359649500001,0.07083781202417999,0.8729853299869703,2.508533239,-1.390128732,0.8714931715860474,-0.0029868157560000003,-0.046675418776000004,0.869851055303005,1.226492167,-3.335921526,0.8667485474724195,0.13988821210000002,-0.1370488338204,1.694243985395887,2.195429325,-3.173582077,1.691313228849455,0.21807834505,walking
6.130422221390001,2.0558261276549965,10.94718521,1.993255005,6.462680053119585,6.1785516355,-9.12452295687,1.1788431597363116,-6.998396759,-11.81508041,9.199602908482092,-9.273515625,-0.60523939817674,0.9092854470137514,1.207239532,-2.891087952,1.0885066619064994,-0.47316604615,0.12014076648613001,0.7905843793506769,2.508533239,-1.241398692,0.7957431922652163,0.10260451585,0.0011862463892999987,0.8999468806331352,1.226492167,-3.335921526,0.8954366260446317,0.17687755825,0.23386216297360005,1.7221443986000642,2.47436142,-3.173582077,1.7293973018378315,0.7860367298,walking
5.656012261970001,2.0463873322243873,9.369166718,1.993255005,6.011347503672414,6.0381436155,-8.97071330564,0.9504781791607894,-7.365433502,-11.53067184,9.02042526122559,-8.895252227499999,-0.47693969879004006,0.8705860908155315,0.6875202942,-3.23297699,0.9888439798007511,-0.2942880249,0.04146975847923001,0.4472717586752405,1.08558929,-0.9061059952,0.44695776838050794,0.05161780119,0.021446253094289994,0.5917527096638521,1.152546167,-1.617525935,0.5891769670246373,-0.06295530312,0.36522591694018003,1.4854294838856295,2.47436142,-2.806349277,1.522440709678231,0.8012211323,walking
5.25576557922,1.8830702588350068,9.341623993,1.677112427,5.5797460414812425,5.55262825,-8.98125288852,0.8781592272463425,-7.402705994,-11.53067184,9.023655325845661,-8.988358611999999,-0.42869801789315,1.0374407715785383,1.06713089,-3.528761902,1.1177220188998935,-0.16787590025,0.0313414048443,0.5304256660114329,1.250312328,-0.9961249828,0.5286966587275258,0.02291908674,-0.026366738892080008,0.9251235276543694,1.156807899,-3.217386007,0.9208638395144373,0.13158002870000002,0.13413503192968002,1.6276826629930596,2.259890318,-2.806349277,1.6250690907419514,0.7594226897,walking
5.273328556860001,1.7773120549956671,9.346114655,1.677112427,5.561946046845454,5.55262825,-8.97847616274,1.0402002617111439,-6.294560394,-11.80340469,9.037932873368206,-9.016799468999999,-0.35552867432168006,1.0370855488865531,1.567689972,-3.528761902,1.0914172481764988,-0.1695224762,0.016844327048300006,0.5007573986911571,1.250312328,-1.020889401,0.4985319688587735,0.002389654520000001,-0.1175734243728,1.0055691701237983,1.156807899,-3.217386007,1.0074131091380418,0.17925300449999998,-0.07997448300018999,1.653757891336851,2.157315493,-2.792560339,1.6474106741970764,0.41160567105,walking
5.689918254119998,1.973076548459194,9.44730423,2.270179138,6.019075551443663,5.816978531,-8.84720963284,1.1403871867925106,-6.294560394,-11.80340469,8.919674679822096,-8.633222122500001,-0.29856313477865004,0.8712781904385141,1.567689972,-2.797532501,0.9168829662128791,-0.0925076294,0.08450685214890001,0.4792439133962627,1.209340096,-1.020889401,0.48427201994561586,0.09524957836,-0.17161156048473006,0.8508222737719355,1.312041879,-2.028008223,0.8637766400076967,-0.06109443307,-0.19432694269598996,1.4735854185673347,2.157315493,-2.545203447,1.4790207593586016,0.3218588233,walking
5.712759256019998,1.9963645660789602,9.576934662,2.348166962,6.048242313526373,5.837336197,-8.71000794529,1.1174467712855518,-6.612948303,-11.60491745,8.78068555528581,-8.590635680999998,-0.3758144897613419,0.7119641268554626,1.055604858,-2.459385681,0.8019105433053917,-0.1526076508,0.12104335078704102,0.513650583035055,1.209340096,-0.9910516143,0.5252142848471317,0.1301306039,-0.16725764541189198,0.7690724169526748,1.312041879,-2.028008223,0.7832833322885053,-0.08170318231000001,-0.18746422775719998,1.322121582837095,1.874545217,-2.459029198,1.3287845053635419,-0.009512063115,walking
5.608468130560001,1.8463590656568003,9.576934662,2.640658722,5.901683332138967,5.7263420105,-8.59192150736,1.2205979000848886,-6.379134521,-11.9400705,8.677331146728818,-8.428447951999999,-0.570944215371422,0.6762171891214034,1.055604858,-2.760409698,0.8824252302947304,-0.46149032595,0.045362236621581016,0.4274604015134255,0.9005557299,-0.7175266743,0.4277299421652768,0.0037742920684999998,-0.15034090625053198,0.5832741416926951,0.9221338034,-1.692941785,0.5995073187342319,-0.08697992191000001,-0.15443182751629997,1.235765657303517,1.819676876,-2.304044008,1.2392315286188895,0.006604407914999999,walking
5.807181404119999,1.649192249184901,10.24574387,2.831511841,6.034566478578306,5.8528289795,-8.38740779581,1.1799482398548702,-6.379134521,-11.9400705,8.469177327430545,-8.367524643,-0.9255822417687599,0.9470255174938247,1.146914978,-3.456162872,1.320829755780163,-0.7344477081,0.03041023415382,0.6108140916922695,1.307747006,-1.963723421,0.6085126937090499,0.011514562649,-0.08379817656791999,0.7264192651791247,1.440143347,-1.956753135,0.727619566622046,0.14139559865,-0.10186316750740002,1.22648194425479,1.620799899,-2.304044008,1.2245780844363583,0.44943657515,walking
5.87579122922,1.748369245458341,10.24574387,1.937121735,6.127899284229351,5.71466629,-8.370304362510002,1.26451645104508,-6.435716858,-11.4835199,8.464337360801965,-8.2642394255,-1.26835444334326,0.9376570055250806,1.146914978,-3.456162872,1.57452584842509,-1.3463751985,0.03599548653948001,0.6230801308075208,1.307747006,-1.963723421,0.6210009951395086,0.13063700495,-0.005354488913290001,0.7390329456093893,1.440143347,-1.956753135,0.7353479912943615,0.21159340440000002,0.06759235006278001,1.212641587514153,2.067559481,-2.211284637,1.2084549430401474,0.59667131305,walking
5.651981144730001,2.0425746864668115,9.541458435,1.937121735,6.006270148493196,5.620437240999999,-8.517880975370002,1.4509860824139522,-6.372099152,-12.24049576,8.639363594375201,-8.2758403015,-1.3676294998325997,0.6604202890340739,-0.02574645996,-3.433410187,1.5173015051065293,-1.311647415,-0.0413804091854,0.43329052049212935,0.8490760922,-0.820756495,0.4330999961454723,-0.019064766820000002,0.11081422293608999,0.5493177698237939,1.091958404,-1.460385919,0.5576847712881123,0.1739710942,0.23560074225058,1.1282354484529507,2.45904994,-1.923375726,1.147036958699848,0.6014444828000001,walking
5.33449735566,1.9341238167327768,9.898466034,2.247426453,5.671004199135456,5.340369644000001,-8.4349429459,1.3860285067375981,-6.315217438,-12.24049576,8.546936689356166,-8.1934366605,-1.2204600402984,0.6529957846395337,0.2052232361,-3.433410187,1.3826287172536964,-1.1841126255,-0.0795274018209,0.4332729810897463,0.8830648065,-1.00688386,0.4383752148803061,-0.06553639099,0.088997946248,0.5696342554691166,1.091958404,-1.423644423,0.5737237903296133,0.07071881369,0.20433057699479998,1.166929995020073,2.45904994,-2.10175252,1.178922958398809,0.63102024795,walking
5.221018336510001,1.7025580328797247,9.898466034,2.424957275,5.488966140079905,5.247637482,-8.38092627402,1.353228810108627,-6.230493622,-12.00413727,8.488394497249859,-8.149877242999999,-1.22389090576863,0.6790866230931956,0.2052232361,-3.531755676,1.3980185994723517,-1.1841126255,0.0013071204901999834,0.4172186694835457,0.8830648065,-1.00688386,0.41512939253676057,0.023040537725,-0.017342935285000007,0.6247921477516386,1.067977905,-1.423644423,0.6219022053486256,-0.070539066565,0.0033935592389000126,1.230443855931771,1.985474944,-2.117289305,1.2242808819950386,0.6196164489,walking
5.40865464478,1.856700868055791,9.405241699,2.547702026,5.715453595193036,5.312752075000001,-8.517264257819999,1.3791453924246628,-6.230493622,-12.18660782,8.627097543835342,-8.231008529499999,-1.25127945098663,0.7818355696612241,0.2444416809,-3.694167938,1.4733819782626019,-1.051787796,0.0446584715405,0.4312928323107178,0.9503434896,-0.8215529919,0.43144843401142224,0.1158510298,0.04050217927929999,0.7325274692868178,1.488570809,-1.688035965,0.7299801057929762,0.20923866335000002,-0.0995371472808,1.1813056862347056,2.007090092,-2.117289305,1.179591427900332,0.2149992138,walking
5.537442329409999,1.7043930565031902,9.405241699,2.547702026,5.7913015536826755,5.572087784,-8.51738251189,1.2531414768536286,-6.587052155,-12.18660782,8.608162683131075,-8.2224762725,-1.015605038489,0.8193546735544316,1.027912445,-3.694167938,1.3023372276292255,-0.9485774231,0.05771245394869,0.4359308251821029,0.9503434896,-0.8215529919,0.4375683430520189,0.1772599593,-0.05687059749209999,0.7546879666347085,1.488570809,-1.838386178,0.7530555441483098,0.04220909439,-0.17695275426311002,0.9660571291343976,2.007090092,-1.994859338,0.9773668657291287,-0.076383780685,walking
5.544512127739999,1.5093184723447826,9.188043365,2.866239624,5.744290779818473,5.4515883635,-8.299691702130001,1.1267835468856031,-6.646179199,-11.09657455,8.375071766875934,-8.108638000500001,-0.9671148743235998,0.6772424886109181,1.027912445,-3.221600647,1.178720490461612,-0.94678115845,0.023494144888759994,0.3299192081036541,0.7406313419,-0.5271134377,0.3291051380350037,-0.037116292865,-0.06468467429495,0.5605379405117444,0.7777036428,-1.838386178,0.5614667060603508,0.019655130103,-0.15898347110541003,0.9211620864788752,1.233633041,-2.006290436,0.9302311206120651,-0.13877946884999998,walking
5.638723214760001,1.597593537845964,9.382489014,3.27159668,5.858496526730972,5.400619354,-8.282185606310001,1.1650852955008246,-6.437064056,-11.90624084,8.362921016349661,-8.107889557,-1.0831670425503,0.696344284978798,0.07828720093,-3.729494476,1.2858060707811152,-0.90823631285,-0.061057605571570014,0.3802548483405419,0.6827791929,-1.169330478,0.3832438432483385,-0.045576527714999995,0.13992671324017,0.654386254743631,1.460410953,-1.258191586,0.6659719526914172,0.16474094984999998,0.001420932621800004,1.159028224578854,1.574633956,-2.242756844,1.1532193981052443,0.49733400345,walking
5.68607275089,1.6097221304361005,9.382489014,2.739602966,5.907344294372671,5.921685791,-8.457792929,1.2667303990782388,-6.400240631,-11.90624084,8.551188284370298,-8.299640808,-1.0254949722022,0.771194270570044,0.07828720093,-3.729494476,1.2807939471056429,-0.808768158,-0.13418763685244,0.4526828434865222,0.6827791929,-1.169330478,0.46997751127390675,-0.047274831680000004,0.25378670322111996,0.8018011636505543,1.714122415,-1.366312027,0.8371761736354625,0.29395256935,0.1943186113123,1.0994511069373587,1.9257406,-2.242756844,1.1110645939290238,0.5741449296500001,walking
5.43112292175,1.8504043930922354,9.650731201,2.113455048,5.734705977201756,5.149067459,-8.578778837440002,1.2994374001791078,-6.316265259,-11.73664352,8.675661272959127,-8.438402252,-0.994813275112,0.7356621544557693,0.03412902832,-3.155438232,1.235087150683134,-0.84821113585,-0.18687377800424002,0.4341720213428881,0.5399882793,-0.9579443932,0.47068258899323817,-0.18155151605,0.3386620316361,0.9868510505717967,2.669448853,-2.344333887,1.0386665575276808,0.34742803875,0.2770122633805,1.023681550009468,1.9257406,-2.157017469,1.0555474744106381,0.64751422405,walking
5.181204130549999,1.6780008560091673,9.650731201,2.113455048,5.443565582085717,4.9924182125000005,-8.5007251509,1.2764317876069047,-5.964646454,-11.61479691,8.595074951300486,-8.433163147,-1.0691486938472101,0.7576334727158288,0.4204756165,-3.314407654,1.3081847437364675,-0.9203610992,-0.19997188756573997,0.43891562189285,0.8009409308,-0.9579443932,0.4803219854709717,-0.2076185569,0.29270167223161503,0.9235022625746986,2.669448853,-2.344333887,0.9643661823280437,0.30392305555,0.14041947104070002,1.2168742355937514,1.454699039,-2.262811899,1.2188899474713488,0.65787830945,walking
5.15495920714,1.450696858825485,8.646469574,2.829116821,5.35323085526129,4.9906219485,-8.48398097071,1.2716203677191702,-5.964646454,-11.87690186,8.577807487194596,-8.3315245055,-1.0305993576108101,0.6744570773638413,0.4204756165,-3.314407654,1.2298286309978017,-0.9209598541,-0.07852288955070001,0.4761321541493276,1.244757175,-0.9321264625,0.48020896921665435,-0.084553401915,0.131786042231915,0.7161576571990649,1.433528066,-1.844284296,0.7246520082028041,0.19783548265,-0.023046724010599987,1.2245920969428932,1.586985469,-2.262811899,1.218671693830485,0.3443777263,walking
5.27997623288,1.784708872272317,10.27912445,1.914818115,5.570590895134692,5.229599991000001,-8.831411485250001,1.2377128418790964,-6.280040588,-11.87690186,8.916862821080546,-8.758361893,-0.7484675537124003,0.7470276290761257,0.6185137939,-3.722758484,1.054833377731901,-0.7493417358000001,-0.0529777576057,0.5941546530421503,1.244757175,-1.902133703,0.5935454464615577,0.09865177048,0.11096484250782998,0.7921707513983184,1.88139379,-1.844284296,0.7959725815944002,-0.0080357815605,-0.138547897865,1.288129122298954,1.651781559,-2.813505888,1.2891390108752188,0.25765532255,walking
5.430989698800001,1.95998725819442,10.27912445,1.914818115,5.770509826716644,5.521642685,-8.94659096833,1.1556912566858073,-6.445296936,-12.02434525,9.0201860298209,-8.9241421505,-0.50793723909062,0.7603783698092544,0.6503974915,-3.722758484,0.9112594314881154,-0.41276664735,-0.06699695304713998,0.6192112093498316,0.905393362,-1.902133703,0.61973937125556,0.10306987913,0.04341480412900001,0.6938330954934926,1.88139379,-1.446720362,0.6917189935050365,-0.0080357815605,-0.11747844163370003,1.4231261723250483,2.354789019,-2.813505888,1.4208576302999747,0.3313064575,walking
5.52605401153,2.0044696859145663,9.320966949,1.922302551,5.87494618467946,5.729410629,-8.59595711518,1.1272609387069323,-6.244863739,-12.02434525,8.668822802301865,-8.567134551999999,-0.57829842224142,0.6809786052806626,0.6503974915,-2.589764557,0.8907994204131547,-0.46283752445000004,-0.07523723013384,0.5785840255453358,0.7585591674,-1.246016741,0.5805794697268374,0.07402558252,0.02251068627307001,0.7067832436027098,1.683674335,-1.695184231,0.7036006387857223,0.022106988355000003,-0.10338372353940002,1.3155703823411027,2.354789019,-2.416218519,1.3130523107923215,0.3313064575,walking
5.6978173279,1.7429719822137597,9.186845856,2.139201508,5.955895744520033,5.9923388675,-8.48164283283,1.2373270542081227,-6.244863739,-11.58411072,8.570527031658035,-8.408090286,-0.4426684661761999,1.2177004339993116,3.247347107,-2.92985733,1.2899309184755905,-0.47047164914999995,0.150243495637983,0.7158129422057239,2.099404097,-1.246016741,0.7278993024645948,0.09811346604000001,-0.4299066649851999,1.1558643365438006,1.683674335,-3.678315878,1.227795537313766,-0.2181848213,-0.09652518595630001,1.1728243016446285,1.865905523,-2.296123266,1.170930734769067,0.28079040345,walking
5.541636607370001,1.3797694795877653,8.376880188,2.514171753,5.709156020532032,5.5078713225,-8.65787286081,1.4184509068200835,-6.301595764,-12.36593491,8.772151698372438,-8.4991010285,-0.28955486754119997,1.3358181233808972,3.247347107,-2.92985733,1.3602970188463015,-0.39555244445,0.399650273680183,0.6670912264508688,2.099404097,-1.126396775,0.7747779931156359,0.28106884655,-0.8806119224317,1.0521478211323667,0.7887567282,-3.678315878,1.367999358577081,-0.81208103895,-0.07610045720238,1.0157943093750128,1.865905523,-2.138129234,1.0135635045499043,-0.029813425615,walking
5.262983569299999,1.2010477363587706,8.163873138,2.924767914,5.39695159873462,5.3500245665,-8.53071678333,1.250838815088531,-6.291267242,-12.36593491,8.621025495920245,-8.335566101,-0.761221032718,1.1076558182893248,1.541793823,-3.068918152,1.339436395774189,-0.7964188385,0.4439498980055201,0.6709666909402794,1.972518921,-1.126396775,0.8017392651522979,0.3780002147,-0.7630425222723701,0.9641726751845306,0.7887567282,-3.257483006,1.22579221277203,-0.4716195315,-0.07513631322308001,0.9519878189445676,1.734555483,-1.746912122,0.9501912780642662,0.009315648871,walking
5.27110118866,1.3614352279147104,8.458460541,2.482288055,5.442378024549744,5.487962723,-8.71898627476,1.1640741741799188,-6.291267242,-11.87720123,8.795580688937825,-8.4791924285,-0.9063906509522099,0.9649766791114618,0.9831555176,-4.078418884,1.3203833547308397,-0.63707519535,0.36508479185161996,0.6692461341941582,1.923517823,-1.036053419,0.7594066035358314,0.4150660783,-0.43311162660517005,0.9388724209038559,1.598446608,-3.257483006,1.0296855294734915,-0.39221420885,-0.03847820994860002,1.2898923753733156,2.800211906,-1.909375668,1.2840033836741245,-0.2791050449,walking
5.373760707100001,1.748987351323859,9.214987335,2.186952209,5.648510540373615,5.7642132565,-8.992207109059999,1.368581571810654,-6.484066315,-11.9758461,9.09472781647378,-8.736956405499999,-0.4619618454053,0.8105837430833577,0.6614744568,-4.078418884,0.9294537595360981,-0.31292427065,0.21049803365538,0.6482793421134838,1.440236807,-1.036053419,0.6785078234845653,0.2372940928,-0.2906420398483,0.7433074913708559,1.598446608,-2.117029905,0.794640649468636,-0.38614642619999995,-0.2610239704313,1.4802110374088933,2.800211906,-2.719853878,1.4957432872168142,-0.491066888,walking
5.627080426030001,1.741781988971042,9.214987335,2.186952209,5.887911393112404,5.949677582,-8.665968026669999,1.281218096156603,-6.484066315,-11.9758461,8.759229786407404,-8.556356963999999,-0.37145256042879,0.6803133279325042,1.333277435,-2.174677734,0.7721236731055959,-0.2977308655,0.15358522259519,0.6329781684803254,1.440236807,-0.8767670989,0.6482616514607308,0.11555514857499999,-0.33346147983450003,0.9118050292870319,1.386768222,-2.648863316,0.9665769942700935,-0.17733730375,-0.2941099032913,1.3415923423294958,2.539518356,-2.719853878,1.3668840287607391,-0.3163538873,walking
5.93845841217,1.525613823082354,9.529034271,2.6210495,6.1293972684825055,6.2001068114999995,-8.41502386781,1.06749907081729,-6.311175842,-11.36092484,8.481791403904355,-8.378601608499999,-0.8312349380410999,0.7840472127202638,1.333277435,-3.116070099,1.139971163528649,-0.73557037355,-0.033141126052489984,0.6226625093701253,1.243035436,-1.005536556,0.6204271502806573,-0.2110992819,-0.0687414963823,0.9148521140460212,1.386768222,-2.648863316,0.9128582803445489,0.108285181225,0.03561868665799999,1.1715013240893712,2.36203742,-2.247868538,1.1661731816754144,0.4136868715,walking
5.718487843309998,1.5830330276183808,9.529034271,2.540067902,5.931444751909064,5.792279892,-8.385752238420002,1.293223616060597,-6.311175842,-12.18002151,8.483899083092133,-8.2924557495,-1.2978625808789,0.6950041692958558,-0.05912704468,-3.345692596,1.4705943581528103,-1.1958631894999998,-0.12413942242882921,0.5848114900307273,1.103966713,-1.384246945,0.5949748148318575,-0.25931945440000004,0.08188731472899999,0.6610176876368968,1.664422035,-1.564327359,0.6627823714075896,0.01188696781,0.22096859960600004,1.0856937469031374,2.23163867,-2.247868538,1.1026199367668645,0.54884707925,walking
5.16851202391,1.4387193890151038,8.591384125,2.540067902,5.363089677306073,5.2452424625,-8.33222804247,1.2241647959623059,-6.458619232,-12.18002151,8.4207848686996,-8.200771408,-1.450037631231,0.6549154455247951,-0.4773573303,-3.529360657,1.5897277220848482,-1.264420624,-0.017392770484998196,0.49322244552567596,1.060646057,-1.384246945,0.49105825054444296,-0.024064850529,0.0133862160829,0.6240059208031202,1.664422035,-1.548313856,0.6210223394423058,-0.078060634435,0.15252533203949997,1.078522892386177,2.23163867,-2.225400925,1.0839019743596716,0.5506329238,walking
5.0880199081,1.3234033584601426,8.027656403,2.693349152,5.255647350223727,5.144951019,-8.42280019681,1.0962245181688428,-6.556815033,-11.49863846,8.493129827553252,-8.2774120335,-1.255150401296,0.838788755580611,1.218765564,-3.529360657,1.5072934155621773,-1.1767030335,0.140747382479101,0.48081653419575715,1.344473958,-1.073774576,0.4986807794924302,0.05234587006,-0.179355867422,0.9367521683296123,2.19766283,-2.381695747,0.9491565233407112,-0.18726942689999998,-0.12861097210251,1.0242018283768044,1.79983902,-2.025606155,1.0271515338756194,0.010217530534499999,walking
5.3153102554,1.5668408864941088,9.240883484,2.534080353,5.539220484067606,5.3988230895000004,-8.64666117552,1.0340568386823457,-6.804549866,-11.29551086,8.70765928906353,-8.5132466125,-0.9615943542426,0.8037845213360009,1.218765564,-3.484304352,1.2507088243404991,-0.85614463805,0.1414271762977,0.4496445859259094,1.344473958,-0.8014823198,0.46921220925237905,0.05390838161,-0.32162947178302004,0.9637932889045379,2.19766283,-2.381695747,1.0114613417325824,-0.20050808045000001,-0.25301491703595,1.0610604582902525,1.250194788,-2.200529575,1.0856368414107722,-0.111067339765,walking
5.53877904969,1.5156602715066547,9.240883484,2.534080353,5.740411758691379,5.6142251585,-8.48214279325,1.0318158653047462,-6.544690247,-11.36840927,8.544047278964376,-8.4174458315,-1.0423978225732,0.7465916877278347,0.4305047607,-2.736160126,1.280007178576668,-0.8608598328,0.13385626486042998,0.3994476181640891,1.000217795,-0.8014823198,0.41938087140781694,0.06890629977,-0.30212004137542003,0.6526882523367348,0.5841704607,-2.347011566,0.716253066026026,-0.1009938754,-0.18627551658793998,1.0940427671620563,1.250194788,-2.200529575,1.1043816589820374,0.022997567895,walking
5.75221121523,1.208099277239829,8.443940735,3.126099243,5.8764651525937355,5.891224136,-8.221816145219998,1.1420863173282025,-6.338119812,-11.36840927,8.299974594567521,-8.157511368,-1.1799363098031,0.7154818932383085,0.2290237427,-3.204685822,1.3780583773367923,-0.9904154205,0.09817928537157002,0.35523866638697016,0.8560531139,-0.8067319989,0.3668402064543926,0.04458423704,-0.12909080736130002,0.5603752054403146,0.6657367945,-1.688636422,0.5723151262274518,0.040089540185,0.0232627894076,0.9593424563522271,1.626493454,-1.786431074,0.9548171167534375,0.29739023745000004,walking
5.62417646487,1.3977614967239882,9.168134766,3.126099243,5.7935792682679725,5.7676560975,-8.32026791358,1.1927364723743215,-6.338119812,-11.052117,8.404478106542696,-8.193062439,-1.1227327651941998,0.6736054666907447,0.5849835205,-3.204685822,1.3075686381787819,-1.0855426025,-0.035811642353130016,0.32824162951926644,0.6929814816,-0.8741926551,0.3285538242114939,-0.042229294775,0.050393063252,0.49188116029277595,0.8694488406,-1.457849622,0.49200311575881095,0.11605924740000001,0.2100257012604,0.8272368296291295,1.771347404,-1.735269904,0.8494635717685766,0.4831306338,walking
5.417252764939999,1.5199507633317226,9.168134766,3.314707031,5.624391108286588,5.4616923525,-8.364924549809999,1.1813318087698788,-6.618786163,-12.12343918,8.447103179078697,-8.20990242,-1.017711158774,0.7610496683044151,0.6125262451,-3.034789124,1.2685190713359873,-0.8673712921000001,-0.07925808445029497,0.3747856108342126,0.6299241781,-1.081356883,0.3812367446852681,-0.04733932577,0.031265381233599995,0.5497161326797199,1.037468314,-1.50534606,0.5478535135661231,-0.06631408073,0.1630143023973,1.0187418036319271,1.899145246,-1.913636088,1.026659718031558,0.496416226,walking
5.36026177828,1.4779420572229347,9.15945282,3.023861847,5.558315925615666,5.3320619205,-8.32373620148,1.299408819149726,-6.272705841,-12.12343918,8.423548124057934,-8.107515335,-0.9429401458728419,0.7815896745899205,0.6125262451,-3.034789124,1.2222559936159112,-0.6934329987000001,0.048387865652205014,0.5939058108720723,1.743464112,-1.081356883,0.5929066171060273,0.040660528465,-0.08559894759487202,0.6932225511648279,1.037468314,-1.718404889,0.6950389271245082,-0.09788651392,-0.004066541943100004,1.1732715829586797,1.899145246,-1.981707573,1.1673975681266249,0.32759466765,walking
5.58119035492,1.7921894534973564,9.994566193,2.364033966,5.859138962740765,5.656063156,-8.48763337547,1.2372315531555096,-6.248456268,-12.04200851,8.576441850403617,-8.141569519,-0.9922326415765419,0.8105720356270508,0.6406677246,-3.151546326,1.278664291243459,-0.8806187439,0.1096905692028,0.6485126760892324,1.743464112,-1.673683167,0.6545189264719299,0.09287423268,-0.07527683238867203,0.676227507611144,0.9663888216,-1.718404889,0.6770357502554443,-0.033326808365,-0.09679653067849997,1.2111545606014944,1.888867855,-2.09713459,1.208964839985239,0.081165825955,walking
5.6145170517,1.8055542414533585,9.994566193,2.364033966,5.894932364452706,5.850658493,-8.53736894987,1.2128699768408708,-6.120173035,-11.69952072,8.622239362898663,-8.2731459045,-1.1064645949964,0.7575595024914478,0.6406677246,-3.151546326,1.3388134058925039,-1.00515975955,0.025216825647400007,0.49100011589156695,1.026516318,-1.673683167,0.48918932016470706,0.038083123045,-0.06411346656596,0.6772061386241811,1.245800257,-1.801874161,0.6768549395871137,-0.01233458519,-0.10831136355438996,1.165263159861566,2.097270012,-2.09713459,1.1644703520864181,0.090651933095,walking
5.418728695659999,1.591749648066702,8.986712036,2.710263977,5.645436294022668,5.4882621,-8.3304347717,1.3057905615344838,-6.120173035,-11.69952072,8.431143551513937,-8.24148674,-1.0831835083013999,0.5748583805894992,0.1345701599,-2.800675964,1.2249261401459155,-1.017284546,0.01613668517136,0.31918499348991636,0.7009454966,-0.8911837935,0.31799475164974966,-0.009586205705499999,-0.06613230585136,0.6707151341450333,1.245800257,-1.801874161,0.6706218644934685,-0.02759249136,-0.15619415370375,0.9880207483894207,2.097270012,-2.064106226,0.9953992982249594,0.2150598839,walking
5.534087805149999,1.571451313498905,9.084009705,3.073408813,5.750729733999017,5.388943634,-8.312949632249998,1.2355158002007562,-6.268065491,-11.73858948,8.40335444259884,-8.178542633,-1.0077972748150001,0.7124569635754114,0.933608551,-3.967649231,1.232142168267187,-0.9870474243,-0.014714951006340007,0.3039803826413729,0.8137127757,-0.7688794732,0.30281440204126114,-0.054120946675,0.10539403435299999,0.5230390269438672,0.9226805568,-1.54350853,0.5309821352423497,0.18749286235,-0.04835544546426,1.0355585737864719,1.464336634,-2.00295949,1.03150181446825,0.42123661935,walking
5.55723566894,1.6204950137467329,9.084009705,2.701432343,5.786416190425751,5.509068832500001,-8.5075629317,1.297338750774147,-6.43077713,-11.81612823,8.60493370065996,-8.3289797975,-1.095564262399,0.8377306508528616,0.933608551,-3.967649231,1.3766029819778978,-1.0300829315,-0.08096094517017001,0.4006970890494795,0.8137127757,-1.181641459,0.406825822980605,-0.13194005195,0.2032066548679,0.5556115673754256,1.290147305,-1.112320542,0.5889907607475394,0.27303873005,0.1546756100377,1.0260246322347035,1.63457334,-1.998205662,1.0325327233716952,0.6015058756,walking
5.416378582760001,1.759409320821857,9.116791534,2.640209656,5.6922511274885,5.405110016,-8.560429993929999,1.4160961063072623,-6.186485138,-11.8298996,8.675611596968366,-8.354052658,-1.09211244047864,0.9009980988454354,0.9862989807,-3.851640472,1.4129363683584866,-0.97073135375,-0.13315755512264002,0.48070864110597794,0.8190228939,-1.181935549,0.49648859417297314,-0.09869009627,0.22993461007876,0.5608147374692691,1.290147305,-1.112320542,0.603521302836254,0.24482288215,0.20898211864249996,1.028481866282941,2.21366334,-2.093847752,1.0444475696234927,0.6063562632,walking
5.1915805526400005,1.6370017783893696,9.116791534,2.436932373,5.441092326801238,5.3284693905000005,-8.4768602781,1.3234863640646881,-6.186485138,-11.91118057,8.578534849771033,-8.313487014500001,-0.9314739898398702,0.9060761513746473,1.00036972,-3.851640472,1.2963055372547014,-0.8943901061999999,-0.11022461904217,0.5310122317776097,0.8574863076,-1.204845548,0.5397255942026976,-0.11718219145,0.17656009522966,0.6388671705696944,1.442491889,-1.193454027,0.6597296539059894,0.19670861215000002,0.11874681503883998,1.1545761577431168,2.21366334,-2.093847752,1.1549097146835496,0.46637752655,walking
5.13128144526,1.4214101688348233,8.255033569,2.436932373,5.322617032048796,5.373151474,-8.467661906250001,1.28613358418377,-6.573879547,-11.91118057,8.563813190335198,-8.326884154999998,-0.7663927779893369,0.8307490487205897,1.090632019,-3.057841187,1.1272091342270414,-0.71349128725,0.07004872230447,0.5520220797139326,1.211789131,-1.204845548,0.5537038163343894,0.1200243905,-0.07280977152762999,0.789066853664583,1.442491889,-1.91503334,0.7884804990527723,-0.009341206631999999,-0.014753327381160029,1.0978111414158536,2.090811729,-1.935854554,1.0924079228307653,0.36034755404999996,walking
5.28953236079,1.6381745071851872,9.757908325,2.489622803,5.534973545977988,5.3749477385,-8.67989805887,1.3159368787337267,-6.573879547,-12.0726947,8.778097930787656,-8.433088303,-0.7547170578127469,0.868998364184593,1.498533783,-3.153192902,1.1476952612690672,-0.6786886596499999,0.13502956132161004,0.4775778171675622,1.211789131,-1.124021888,0.49399670865981954,0.1620236784,-0.14324018248483,0.6186068057493229,1.157918572,-1.91503334,0.6319536266186581,-0.22310424595,-0.07530007883510001,1.141849405906698,1.868122101,-2.197896957,1.1386184466204456,0.19308960435,walking
5.319395260600001,1.8559226746344175,9.757908325,2.072739716,5.630805486160368,5.3759207155,-8.83809059589,1.3077691190508307,-6.926097107,-12.70857239,8.933364587277003,-8.442518692,-0.6833814010795541,0.7869104904214085,1.498533783,-3.153192902,1.039252605518679,-0.64755340575,0.022983163977639998,0.4917374581917292,1.023364186,-1.139584899,0.48981210309403045,0.069179903715,-0.023870233528199992,0.7394838497004352,1.40557158,-1.688537717,0.7361642400828696,-0.079725965855,-0.0785425449148,1.203685845203294,1.900507212,-2.197896957,1.200224957732938,0.23621540515,walking
5.208568725599999,1.7867456111155604,9.503886566,2.072739716,5.503610037907002,4.962405624500001,-8.64089516617,1.3981813721709466,-6.08095459,-12.70857239,8.752167235075609,-8.399857406999999,-0.822677233863914,0.6991558918534161,0.6920109558,-3.220253448,1.0773711536050117,-0.78324623105,-0.08567148522656,0.46113144099010916,1.023364186,-1.139584899,0.4667498122033292,-0.1572704017,0.12615479529489998,0.960426586125922,1.40557158,-2.791077137,0.9639035571259276,0.37817883490000004,-0.10285634239279999,1.071805360392293,1.900507212,-1.925158262,1.0713815802180013,0.2118637264,walking
5.1658490616299995,1.596597280587578,8.954079895,2.834804993,5.404593247891964,4.847070465,-8.57692569133,1.3399599905561541,-6.08095459,-11.89456512,8.679930423864292,-8.391399994,-0.82944615781172,0.9507670415097784,1.379381561,-3.607797546,1.2581332664935259,-0.91751701355,-0.12003089224382998,0.4757143768435311,1.232606411,-1.324451566,0.4883119307831038,-0.17730884255,0.25568779819189996,0.8897193826562209,1.62675643,-2.791077137,0.921444965377557,0.5186981261,-0.04997634099319999,1.137518737865258,1.83972311,-1.925158262,1.1329196903857275,0.38602381944999997,walking
5.316166474939999,1.4445274172414841,9.297316132,2.841241608,5.50703358023598,5.051096191,-8.72061788175,1.2656871487545467,-6.474785614,-11.89456512,8.811079420731325,-8.533529434,-0.5141747680579,1.0057082069718961,2.156565399,-3.607797546,1.125037865897106,-0.42466690065,-0.12645430642947,0.6048532383542238,1.232606411,-1.998609185,0.6149631347996999,-0.10867293923999999,0.21270996097976996,0.8623310892838737,1.684606552,-2.218730927,0.8839820620182699,0.37178243695,0.119809896571,1.1359720368460293,1.83972311,-1.839062691,1.136610115707013,0.5956709981,walking
5.35674559018,1.475481263201186,9.297316132,2.744692383,5.554277435129619,5.299055557,-8.680366584709999,1.237612033702558,-6.271508331,-11.79816559,8.767276130900388,-8.515866165,-0.6731456863441799,0.8000800851572345,2.156565399,-2.317181396,1.042521930839986,-0.67382377625,-0.061704923029300016,0.5495314979178659,1.083572507,-1.998609185,0.5502476860995118,-0.031876582655,0.10914140649517001,0.8371080418238497,1.684606552,-2.218730927,0.8400322741187047,0.29656526445,0.2168561457795,1.1020147707663699,1.686351657,-2.572328329,1.117729295223008,0.6809938252000001,walking
5.228378530839999,1.4110902857336696,8.953630829,2.744692383,5.413613035514789,5.1221234895,-8.53311928696,1.135519474512992,-6.271508331,-11.373349,8.60759171880945,-8.520207138,-0.8086753509317102,0.7671742427201385,0.707428894,-2.751128998,1.1120371300953984,-0.9097332001,-0.06231280595700001,0.4109168039687427,1.045070767,-0.9549257755,0.4135782626931474,-0.08746635914,0.07026467679010001,0.6831520851591821,1.139231443,-1.763530135,0.6833497849177845,0.2200930938,0.09759110492329999,1.211209902545033,1.47952652,-2.572328329,1.209083602362991,0.7024680376,walking
5.219168183859999,1.4427727360300844,8.953630829,2.442770233,5.412993050759432,5.1087263489999994,-8.535893019009999,1.0952956693272784,-6.525380402,-11.80085999,8.605181317624766,-8.539442138999998,-0.79451779171104,0.8943455198238375,0.8678952026,-3.626358948,1.192943372958695,-0.6893914032,-0.053406169857847,0.41924895659994144,0.977268815,-1.043712854,0.42055226751608815,-0.09123340249,-0.00023786676640000337,0.5950714176675553,1.02936244,-1.672478557,0.5920886325409601,0.02291941829,-0.019539471627999985,1.2582405949209416,1.918182611,-2.230379581,1.2520860560326659,0.3949587792,walking
5.26766433562,1.749938605883259,8.721463623,2.139351196,5.547968080827425,5.397475891,-8.83121988368,1.06363444466417,-6.690037994,-11.80085999,8.894405527266132,-8.813447342,-0.6357429656994199,0.9276002588829789,0.9175918579,-3.626358948,1.1207171526809365,-0.4564757538,0.14958218262495301,0.4814814933646437,1.231435657,-1.043712854,0.5018774885636591,0.1567730084,-0.20074816303222998,0.6918760057445547,1.02936244,-2.445534945,0.7170811029532179,-0.12356495109999999,-0.12520295638089998,1.314725628395095,1.918182611,-2.352393627,1.3141134743490785,0.064071013615,walking
5.22702085421,1.859582087381981,8.721463623,1.78668457,5.544836525512817,5.6392980195,-9.01641925938,1.0173745001396521,-7.173233185,-11.81852325,9.07306544811166,-8.958869933999999,-0.50002469329389,0.8847627160919129,1.402283936,-3.178789673,1.0124236796184316,-0.2154020691,0.1546416410308,0.4850712819622613,1.231435657,-0.9496958256,0.5068088833469332,0.2003028318,-0.257027220795175,0.6451494543408993,0.6428200006,-2.445534945,0.691461229919428,-0.12356495109999999,-0.21167303794490003,1.356775554850872,2.159333229,-2.526609421,1.3664688002919443,-0.028619561345000002,walking
5.27828325349,1.6955635963835738,8.532406769,1.78668457,5.54134105198014,5.5009107969999995,-8.899323760790002,1.1332449987990576,-7.201973419,-12.37656281,8.970471848481077,-8.785006485,-0.54002002258874,0.8677344966764612,1.402283936,-2.570604401,1.0183590476604367,-0.45976890565,0.10356119376967002,0.4447913054457668,1.088962436,-0.9496958256,0.45451714291228557,0.18556980039999998,-0.166891221675225,0.5865624623685088,1.202461243,-1.437340379,0.6070153596981375,-0.1378828213,-0.209938561645,1.3334315190663506,2.159333229,-2.526609421,1.343254785788895,-0.24984291199999997,walking
5.539704125949999,1.5404902673760419,9.055419159,2.533331909,5.747843157594766,5.5776262665,-8.75139987042,1.1275472016394896,-7.084617462,-12.37656281,8.823018120631566,-8.571176147500001,-0.6679499908582399,0.7902915906459217,1.194216614,-2.570604401,1.0317327079000294,-0.66888404845,0.04210232365653001,0.42238269583144866,1.088962436,-1.108428955,0.4223691228981386,0.13218385724999998,-0.09293367807259,0.6976879385144479,1.467879891,-1.420113444,0.7003837829884086,-0.13801785185,-0.08924635189489998,1.3662343519615474,1.831044316,-2.679787397,1.3623124651714598,0.119890758765,walking
5.511516242949999,1.7621383506634294,9.853409729,1.600172424,5.78367457136998,5.702167282,-8.86359456033,1.1637993591636528,-6.89526123,-12.00877762,8.93891454197977,-8.6610642245,-0.9253337585492,0.8761621023337701,0.577199707,-3.697161713,1.2713087720853111,-0.7724686432,-0.03108095338134,0.4803983636324077,0.9610466957,-1.108428955,0.47899977825253853,0.030361998363000003,-0.030619310990110015,0.7301375364328552,1.467879891,-1.540287971,0.7271226554665076,-0.0063261148755,0.15857987405179996,1.4390966688582179,2.281758308,-2.78882575,1.4406376388772837,0.7369534373,walking
5.10598405149,1.9500695140099935,9.853409729,1.600172424,5.462217181003213,5.1817744445,-9.183013824500001,1.2012168902376035,-6.89526123,-12.81694702,9.260466278658775,-9.055568848,-0.9725066620031001,0.9691927014523359,0.9574090576,-3.697161713,1.3695657542679007,-0.82358734135,0.052590932452099996,0.49000637383757245,1.028219819,-0.8477064371,0.4903784152199337,0.16388422255,0.002087447859600005,0.603862284407469,0.954364121,-1.540287971,0.6008390128670703,0.13260724395,0.24481105906294004,1.4523696221476075,2.281758308,-2.873303652,1.465679432476055,0.45206412669999996,walking
4.71697450104,1.7968297675139673,9.078620911,1.440155182,5.044418666680197,4.6291236875,-9.32558334967,1.027566802310098,-7.338040466,-12.81694702,9.381462541071091,-9.377549286,-0.6940137908933001,0.8844349096739329,0.9574090576,-3.04691391,1.1207399342869546,-0.5179229736,0.046188654794930006,0.4441208961546301,1.028219819,-0.8477064371,0.4443020690126764,0.1323492564,0.058784564081900005,0.5546533335929201,0.9567316175,-1.402598858,0.5549950830731574,0.099740929915,0.14941578193323996,1.5571903373620024,2.249864817,-2.873303652,1.5565726469383216,0.5248952508,walking
4.605752787799999,1.673803846140256,8.102650452,1.440155182,4.8976077695674896,4.8062054445,-9.25453958596,0.8934574713129554,-7.338040466,-11.96506851,9.297138621028257,-9.308767319000001,-0.516134193408,0.8166026712608833,1.798809357,-3.023861847,0.9625829985451814,-0.30379325869999996,0.060530916348930014,0.47073338663719433,1.331728101,-0.8236868382,0.472269005881197,0.045396059755,-0.027094794406399995,0.7427959473761897,1.2261554,-1.895483613,0.7395691239688358,0.06639881991,0.008228814625200025,1.605590487029476,2.249864817,-2.811908245,1.5975635565789832,0.47956745325,walking
4.764524620067,1.9720734068372987,8.344697113,0.9750723267,5.152754374308939,4.950879593,-9.33943853757,0.9794683964171111,-7.377857666,-11.96506851,9.390147866419984,-9.307944031,-0.46960644835619997,0.8257940982128614,1.798809357,-3.023861847,0.9463861527170002,-0.37594322204999997,0.09705945244319998,0.5023093998622331,1.331728101,-0.8357214928,0.5091287883891767,0.17491915825,-0.07344644053439996,0.7253547394618655,1.2261554,-1.895483613,0.7254464023664091,-0.038654155100000004,-0.11325634300790002,1.5730672244533797,2.545620441,-2.610281706,1.5692743823036455,-0.07876401022,walking
4.909153861987,2.1148016179060902,8.344697113,0.9750723267,5.341109778400844,5.376669159,-9.385876469260001,1.0168030244087993,-7.377857666,-11.85474792,9.440245049931223,-9.254130936,-0.3307342346044,0.7446194420437124,1.406026154,-2.298769684,0.8113560662706313,-0.3504212952,0.08078080539190001,0.4857667012243913,0.9051188827,-0.8357214928,0.4900358493600308,0.23113753645000001,-0.07254053487305,0.5842214449703568,1.210956097,-1.2151227,0.5858017403484624,-0.100225605095,-0.19337802251899996,1.5180059100540677,2.545620441,-2.610281706,1.522725708433021,-0.1441776417,walking
4.989634002680001,2.0185398109632473,8.825497284,1.462309113,5.378680639288741,5.502557373,-9.22194486672,1.04709813040056,-7.325167236,-11.91058182,9.280609757691831,-9.060059509,-0.3824831222451001,0.6724418326093237,1.406026154,-2.658022614,0.7706812420598519,-0.36591407775,0.06661194077101,0.42260508333430585,0.9051188827,-0.8268351555,0.425730262664843,0.13339954615,-0.11628726261125003,0.603399133679438,1.122122884,-1.547237039,0.6115327765749462,-0.101472143105,-0.25781390020289996,1.4607534521432533,2.307168245,-2.749975204,1.4761201335280196,-0.14050602915,walking
5.26646083833,1.8137917588972146,8.825497284,1.527573395,5.567095463602231,5.6012770844999995,-9.169549323790001,1.0796267503155639,-7.265740814,-11.91058182,9.232257187828695,-9.1007748415,-0.41908051757529996,0.8018290632146798,1.843266907,-2.658022614,0.9011820173309913,-0.42114921569999997,0.028894750953457,0.4490369259354827,1.00936377,-1.002187014,0.4477194723012554,0.018602420461500003,-0.049679837765600005,0.6606250875994802,1.053511977,-1.547237039,0.6591883930884851,-0.1320250891,-0.17872861590779998,1.5366121183597732,2.461769581,-2.756416559,1.5393209387296487,0.2002782151,walking
5.37068310699,1.6337675837097985,8.910520477,1.641785889,5.611304802638412,5.709951095499999,-9.120167015040002,1.1546935916341035,-7.217241669,-11.73978699,9.192248391981089,-9.010961608999999,-0.4838223861633001,0.8508777636166426,1.843266907,-2.468516693,0.97510878382047,-0.49389793395,0.048698560287347,0.45580374895231746,1.00936377,-1.002187014,0.4561261193545681,0.05053505674,0.03540911108150001,0.6361906904003984,1.053511977,-1.005361795,0.63399133570909,0.10205044226000001,0.16064294412505603,1.4542653929785645,2.539126158,-2.756416559,1.4558657597388962,0.41079898174999996,walking
4.88222186734,1.7487157935354576,8.910520477,1.641785889,5.18300272228634,5.152884521500001,-9.068838752989999,1.225618055004767,-7.217241669,-11.91866501,9.150461985513047,-8.9330486295,-0.5298277175895001,0.8162696600973565,1.281634827,-3.195405121,0.9697167662475462,-0.4403842163,-0.010327386134267985,0.46244449468233917,1.190601468,-0.9551426768,0.4602423453570415,-0.013593374285000001,0.1602964609782,0.575187910940286,1.099039435,-1.005361795,0.5943296029688135,0.20401757955,0.325127332508497,1.245455498149734,2.705592632,-2.265497208,1.2811540056670703,0.31531840565,walking
4.57531807707,1.6822171523331126,8.713081055,1.680106201,4.871867353334983,4.750670929,-8.93245885619,1.1754408460278856,-6.935527496,-12.04545135,9.008699450431944,-8.879609756499999,-0.5370561859102501,0.8383908350720112,1.469045105,-3.195405121,0.9921187163005655,-0.4185296631,-0.084833195651468,0.5149430222036988,1.190601468,-0.9551426768,0.519337389410349,-0.018493515905,0.16137424216251997,0.6550735759759906,1.564272404,-1.465143204,0.6714698966268554,0.1111087501,0.146583246421541,1.2903022963290127,2.705592632,-2.265497208,1.29217563198053,0.47904637455,walking
4.79114226835,1.8099302651022604,9.453591156,1.943857727,5.118411210957732,4.8164591219999995,-9.030570831279999,1.096549112965095,-6.935527496,-12.24184296,9.096241272984036,-8.986038437000001,-0.43263034057905003,0.9510468326302414,2.718047791,-2.634371796,1.0404874764585101,-0.36396812440000004,0.06658007749440001,0.5704286552515149,1.595200181,-1.190661311,0.5714611701103509,0.17740862815,-0.01905710229191999,0.6908915036924227,1.564272404,-1.465143204,0.6876924692937953,-0.044553093615,-0.019830694542499982,1.3864361343062241,2.566443205,-2.251742363,1.379629065876377,0.3713387102,walking
4.83638568416,1.9016089190923455,9.453591156,1.677262115,5.193320883818719,5.2663485715,-9.298398381290001,1.0944550860930549,-7.611671448,-12.24184296,9.36194777133993,-9.006620636000001,-0.11967912597523002,0.8358430359562314,2.718047791,-2.463427277,0.8402204104538046,-0.1178050232,0.14903307735743998,0.5492513333523877,1.714673281,-1.190661311,0.5664548658667438,0.1490126997,-0.16055091958683998,0.612967846240131,0.9764991403,-1.751583457,0.6306733564208988,-0.0745755434,-0.10928339080129998,1.4704849230715589,3.451258659,-2.251742363,1.467189663743577,-0.2454685569,walking
4.756502801490001,1.6592384026224052,8.191415863,1.677262115,5.034864472510834,5.046680374,-9.204175319189998,1.0480631132933487,-7.656727753,-12.16146011,9.263060791819195,-9.067843323,0.11620185699276998,0.8263907052735923,1.687740326,-2.66311203,0.830418721702207,0.15373031615,0.08837975604034,0.44499004910603346,1.714673281,-0.7019069791,0.45149414574621705,0.033818036319999994,-0.24538934279969996,0.7460111645612605,1.15073216,-1.814703465,0.7817821055979832,-0.060361618175000006,-0.32479755964765,1.3586545976053044,3.451258659,-2.478852034,1.3903151970654568,-0.27320440115,walking
5.2064895492400005,1.3218832173723511,8.112679596,1.906734924,5.370049805570924,5.45495636,-9.05534581172,1.0226992892531295,-7.377258911,-11.5776741,9.112340120282573,-9.091568984999999,-0.27270440827947995,1.2521781379682928,1.714384918,-3.911815338,1.2753973038268291,-0.023950195312,0.14865482429250002,0.5085916150122812,1.484198809,-0.7869277,0.527424907771359,0.063006361945,-0.42947369111159994,1.2552926342072106,2.061816931,-4.566794395,1.3207761554771311,-0.15641927719999998,-0.16302501143375,1.3267795856843567,2.255269289,-2.478852034,1.3301570518746424,-0.0202890506475,walking
5.321791777049999,1.3248520278637526,7.837102661,1.9282901,5.482622391251685,5.521043929999999,-8.921663305840001,1.1685035023071542,-7.207661591,-11.76553345,8.997100787105087,-8.896898803500001,-0.61403361052191,1.165310318670091,1.714384918,-3.911815338,1.3120236020215381,-0.40251296994999997,0.12396711432850002,0.5243435305984678,1.484198809,-0.7869277,0.5362411977222536,0.019398061555,-0.30190296612525996,1.1616383536779573,2.061816931,-4.566794395,1.194594085471508,-0.086435079575,0.20151226698535002,1.2736390244870714,2.358561754,-2.275096893,1.2831765251885612,0.3937795013,walking
5.036604826359999,1.4091564058785875,7.298672333,1.9282901,5.228121339006893,5.489908676,-8.758894784679999,1.1263811743729442,-6.727160797,-11.76553345,8.830304924156156,-8.7186943815,-0.29106223296536,1.0598341185534934,1.493294678,-3.611090698,1.0939529691537664,-0.07963439939,0.22575177129240004,0.4584667063113107,1.302595973,-0.6466771364,0.5089731484367699,0.148854129,-0.3518265476412601,0.7016237510592045,0.5912962556,-2.355135202,0.7817512704147352,-0.20547236505,0.11692889059344999,1.2099594370741458,2.358561754,-2.275096893,1.2095595009864337,0.24942770600000003,walking
4.925724403379999,1.1994028698051007,7.329508209,2.71340744,5.068228730997547,5.104160843,-8.840758049199998,1.1581621393852937,-6.727160797,-11.80639847,8.91554423634301,-8.6434757995,0.12472363585017003,0.8720276532169305,1.585951996,-2.871628418,0.8765750914981344,0.30102401735,0.3893867891158,0.49399152106891103,1.477216363,-0.3588902354,0.6270641260644794,0.30120807885,-0.6604684580192999,0.8037059749257762,0.8617973328,-2.653584957,1.0371607615160103,-0.5169441402,-0.1146370963659,1.1316701283775685,2.069420338,-2.029376984,1.1318180819065784,-0.3825899214,walking
4.862139628590001,1.2013472612527007,7.657925262,2.301314392,5.006915683093084,5.075345764,-8.76856766994,1.1663074857110776,-7.029981079,-11.82780396,8.845023991037586,-8.393645325,0.09303153993176001,0.7694532429854838,1.585951996,-2.313139801,0.7712279673556606,0.2669698334,0.308270320011248,0.4589943189715741,1.477216363,-0.500749886,0.5509987451887114,0.26874522865,-0.5911479428702001,0.6844385887719586,0.8617973328,-2.653584957,0.901791278701351,-0.4947064966,-0.33779729679469994,0.8738958078416882,2.069420338,-1.805408835,0.9328257918043705,-0.46107889715,walking
5.164007890310001,1.1582248938607982,7.657925262,2.301314392,5.291034638602851,5.309159546,-8.786980879389999,1.2443039930592348,-7.339537354,-12.59989838,8.873772730785772,-8.435183944999999,-0.27999275207783997,0.9240321851850922,1.944007416,-2.658621368,0.9610895201184332,-0.13539344785000001,0.198705024676098,0.478313708071575,1.464580178,-0.8742618561,0.5157323434955546,0.2314766496,-0.3508651646101,0.5905643888894566,0.7053413391,-1.726477742,0.6843865853353689,-0.34259039165,-0.13825149446533,0.9985730805575012,2.246763229,-1.926426649,1.0031401651633005,-0.13643451405,walking
5.18972590942,1.335336351227933,8.04546936,2.334245911,5.357102477469222,5.3123778535,-8.94010046547,1.3631678335183515,-6.939718781,-12.59989838,9.04240236937135,-8.725056152,-0.41122036288555,0.9480066664706389,1.944007416,-2.658621368,1.0289954616652928,-0.3267704773,0.060301546833010006,0.530239578271523,1.464580178,-0.9469261169,0.5310167104831641,-0.0028485603395,-0.004233656595409988,0.5535908778255156,0.7529368997,-1.726477742,0.5508322387621086,0.05125046894,0.21483742618983,1.064969502384083,2.246763229,-1.926426649,1.0811908066063038,0.34044992925,walking
4.909748126209999,1.5667397995612906,8.04546936,2.334245911,5.15128658942178,4.9499814605,-8.77617634737,1.2210619496877013,-6.939718781,-12.14948502,8.859873229469033,-8.534726943999999,-0.4206657211322099,0.8703050143767522,1.575473785,-3.067570953,0.9627129160889596,-0.27550209044999996,-0.017488151014940008,0.4640833604420126,1.122107267,-0.9469261169,0.4620881595655539,-0.033217854795,0.05585177783019,0.5530506533342365,0.8735429645,-1.507201672,0.5531055920786595,0.05422140658,0.17997216932916,1.1478883593898428,2.396890402,-2.118995428,1.1562271362061705,0.489948377,walking
4.85214341583,1.5418924015664652,8.062683563,2.223027191,5.088904949398323,4.7989455415,-8.81810415809,1.1757499380186087,-7.021149445,-12.28570175,8.895365365206052,-8.565338287500001,-0.26303601378912,0.7865930626372085,1.333277435,-3.067570953,0.8256690040671043,-0.09175918581,0.0430882639857,0.5046110693632835,1.187180519,-1.20846951,0.5039271837319538,0.054764442145,-0.05275581103,0.6961568054073198,1.176870704,-1.792513371,0.6946733983212606,-0.015393318605000001,-0.005593140692400003,1.2695437006055226,2.396890402,-2.118995428,1.26319241562499,0.46168133614999995,walking
5.03835917817,1.795336756121102,8.694369965,1.469494171,5.345658512798075,5.038148117,-9.00216140911,1.2478042207163584,-6.976542206,-12.46383133,9.087373396926887,-8.7780459595,-0.19671043854228,0.8000800492686746,1.912123718,-2.833308105,0.8200132931952282,-0.043858795165,0.06508819335897002,0.5002565542667567,1.187180519,-1.20846951,0.5019865802994287,0.076962716875,-0.04455246266092999,0.6215204450888377,1.176870704,-1.792513371,0.6200078297537428,-0.02657368034,-0.13148792361519995,1.2433900108008318,2.268078327,-2.407092333,1.2441252371953302,-0.012184064835000001,walking
4.963438476560001,1.958919442663439,8.694369965,1.469494171,5.332420954839616,5.230123901500001,-9.090795094379999,1.28094225001137,-6.82745224,-12.46383133,9.179703718823882,-8.907975769,-0.27828630064866,0.8958820655251429,1.912123718,-2.833308105,0.9338211251117725,-0.25132736205,0.03275656767886999,0.4181949815420617,1.151511192,-0.8719581962,0.41738611007937965,0.034976547585000003,-0.10620661157793002,0.4660518174701343,0.829552114,-1.194218636,0.47572271119256904,-0.08072995766999999,-0.15454225335329996,1.3049349978484477,2.497023582,-2.407092333,1.307558833550195,0.07441529259,walking
4.94797712859,1.9091852904016626,8.476572876,1.255888367,5.300095872095613,5.1480944824999995,-9.00249970561,1.2012949720333206,-6.781946869,-12.25082428,9.081502048848657,-9.010512543,-0.37834422911534,0.8893240332366334,1.541344757,-2.734663239,0.9623578437547183,-0.3318598938,0.007710351698900002,0.4109294770033472,0.919205904,-0.7600206137,0.4089423605385761,-0.0028553828599999997,0.0280758575434,0.5507607369019223,1.150811076,-1.101994276,0.548718752364468,-0.060567563399999996,-0.1746052840706,1.382912304615298,2.497023582,-2.441710711,1.3870144134287883,0.065568039195,walking
